{"epoch": 2, "train_loss": 0.5417524915614452, "val_loss": 1.005958362765934, "val_acc": 0.7247987861195408, "_timestamp": 1747767847.537941, "_runtime": 1220.8282539844513, "_step": 2}