{"epoch": 5, "train_loss": 0.6893267506887185, "val_loss": 1.3655590760535088, "val_acc": 0.6447090645203852, "_timestamp": 1747765310.3798616, "_runtime": 494.0076336860657, "_step": 5}