{"epoch": 6, "train_loss": 0.6322901448189091, "val_loss": 1.3640296277792558, "val_acc": 0.6597176408497163, "_timestamp": 1747765389.1529713, "_runtime": 572.7807433605194, "_step": 6}